--
-- PostgreSQL database dump
--

\restrict orHL8fXCeLwwMALRc1dc2qZ485njMfLkbd8VwSSBcCDtavrZdUCHh1fdPmoenbW

-- Dumped from database version 17.6
-- Dumped by pg_dump version 17.6

SET statement_timeout = 0;
SET lock_timeout = 0;
SET idle_in_transaction_session_timeout = 0;
SET transaction_timeout = 0;
SET client_encoding = 'UTF8';
SET standard_conforming_strings = on;
SELECT pg_catalog.set_config('search_path', '', false);
SET check_function_bodies = false;
SET xmloption = content;
SET client_min_messages = warning;
SET row_security = off;

SET default_tablespace = '';

SET default_table_access_method = heap;

--
-- Name: auth_group; Type: TABLE; Schema: public; Owner: postgres
--

CREATE TABLE public.auth_group (
    id integer NOT NULL,
    name character varying(150) NOT NULL
);


ALTER TABLE public.auth_group OWNER TO postgres;

--
-- Name: auth_group_id_seq; Type: SEQUENCE; Schema: public; Owner: postgres
--

ALTER TABLE public.auth_group ALTER COLUMN id ADD GENERATED BY DEFAULT AS IDENTITY (
    SEQUENCE NAME public.auth_group_id_seq
    START WITH 1
    INCREMENT BY 1
    NO MINVALUE
    NO MAXVALUE
    CACHE 1
);


--
-- Name: auth_group_permissions; Type: TABLE; Schema: public; Owner: postgres
--

CREATE TABLE public.auth_group_permissions (
    id bigint NOT NULL,
    group_id integer NOT NULL,
    permission_id integer NOT NULL
);


ALTER TABLE public.auth_group_permissions OWNER TO postgres;

--
-- Name: auth_group_permissions_id_seq; Type: SEQUENCE; Schema: public; Owner: postgres
--

ALTER TABLE public.auth_group_permissions ALTER COLUMN id ADD GENERATED BY DEFAULT AS IDENTITY (
    SEQUENCE NAME public.auth_group_permissions_id_seq
    START WITH 1
    INCREMENT BY 1
    NO MINVALUE
    NO MAXVALUE
    CACHE 1
);


--
-- Name: auth_permission; Type: TABLE; Schema: public; Owner: postgres
--

CREATE TABLE public.auth_permission (
    id integer NOT NULL,
    name character varying(255) NOT NULL,
    content_type_id integer NOT NULL,
    codename character varying(100) NOT NULL
);


ALTER TABLE public.auth_permission OWNER TO postgres;

--
-- Name: auth_permission_id_seq; Type: SEQUENCE; Schema: public; Owner: postgres
--

ALTER TABLE public.auth_permission ALTER COLUMN id ADD GENERATED BY DEFAULT AS IDENTITY (
    SEQUENCE NAME public.auth_permission_id_seq
    START WITH 1
    INCREMENT BY 1
    NO MINVALUE
    NO MAXVALUE
    CACHE 1
);


--
-- Name: django_admin_log; Type: TABLE; Schema: public; Owner: postgres
--

CREATE TABLE public.django_admin_log (
    id integer NOT NULL,
    action_time timestamp with time zone NOT NULL,
    object_id text,
    object_repr character varying(200) NOT NULL,
    action_flag smallint NOT NULL,
    change_message text NOT NULL,
    content_type_id integer,
    user_id bigint NOT NULL,
    CONSTRAINT django_admin_log_action_flag_check CHECK ((action_flag >= 0))
);


ALTER TABLE public.django_admin_log OWNER TO postgres;

--
-- Name: django_admin_log_id_seq; Type: SEQUENCE; Schema: public; Owner: postgres
--

ALTER TABLE public.django_admin_log ALTER COLUMN id ADD GENERATED BY DEFAULT AS IDENTITY (
    SEQUENCE NAME public.django_admin_log_id_seq
    START WITH 1
    INCREMENT BY 1
    NO MINVALUE
    NO MAXVALUE
    CACHE 1
);


--
-- Name: django_content_type; Type: TABLE; Schema: public; Owner: postgres
--

CREATE TABLE public.django_content_type (
    id integer NOT NULL,
    app_label character varying(100) NOT NULL,
    model character varying(100) NOT NULL
);


ALTER TABLE public.django_content_type OWNER TO postgres;

--
-- Name: django_content_type_id_seq; Type: SEQUENCE; Schema: public; Owner: postgres
--

ALTER TABLE public.django_content_type ALTER COLUMN id ADD GENERATED BY DEFAULT AS IDENTITY (
    SEQUENCE NAME public.django_content_type_id_seq
    START WITH 1
    INCREMENT BY 1
    NO MINVALUE
    NO MAXVALUE
    CACHE 1
);


--
-- Name: django_migrations; Type: TABLE; Schema: public; Owner: postgres
--

CREATE TABLE public.django_migrations (
    id bigint NOT NULL,
    app character varying(255) NOT NULL,
    name character varying(255) NOT NULL,
    applied timestamp with time zone NOT NULL
);


ALTER TABLE public.django_migrations OWNER TO postgres;

--
-- Name: django_migrations_id_seq; Type: SEQUENCE; Schema: public; Owner: postgres
--

ALTER TABLE public.django_migrations ALTER COLUMN id ADD GENERATED BY DEFAULT AS IDENTITY (
    SEQUENCE NAME public.django_migrations_id_seq
    START WITH 1
    INCREMENT BY 1
    NO MINVALUE
    NO MAXVALUE
    CACHE 1
);


--
-- Name: django_session; Type: TABLE; Schema: public; Owner: postgres
--

CREATE TABLE public.django_session (
    session_key character varying(40) NOT NULL,
    session_data text NOT NULL,
    expire_date timestamp with time zone NOT NULL
);


ALTER TABLE public.django_session OWNER TO postgres;

--
-- Name: upskill_content; Type: TABLE; Schema: public; Owner: postgres
--

CREATE TABLE public.upskill_content (
    id bigint NOT NULL,
    object_id integer NOT NULL,
    content_type_id integer NOT NULL,
    module_id bigint NOT NULL,
    CONSTRAINT upskill_content_object_id_check CHECK ((object_id >= 0))
);


ALTER TABLE public.upskill_content OWNER TO postgres;

--
-- Name: upskill_content_id_seq; Type: SEQUENCE; Schema: public; Owner: postgres
--

ALTER TABLE public.upskill_content ALTER COLUMN id ADD GENERATED BY DEFAULT AS IDENTITY (
    SEQUENCE NAME public.upskill_content_id_seq
    START WITH 1
    INCREMENT BY 1
    NO MINVALUE
    NO MAXVALUE
    CACHE 1
);


--
-- Name: upskill_course; Type: TABLE; Schema: public; Owner: postgres
--

CREATE TABLE public.upskill_course (
    id bigint NOT NULL,
    title character varying(200) NOT NULL,
    slug character varying(200) NOT NULL,
    price numeric(14,2) NOT NULL,
    overview text,
    created_at timestamp with time zone NOT NULL,
    image character varying(100),
    subject_id bigint NOT NULL,
    owner_id bigint
);


ALTER TABLE public.upskill_course OWNER TO postgres;

--
-- Name: upskill_course_id_seq; Type: SEQUENCE; Schema: public; Owner: postgres
--

ALTER TABLE public.upskill_course ALTER COLUMN id ADD GENERATED BY DEFAULT AS IDENTITY (
    SEQUENCE NAME public.upskill_course_id_seq
    START WITH 1
    INCREMENT BY 1
    NO MINVALUE
    NO MAXVALUE
    CACHE 1
);


--
-- Name: upskill_file; Type: TABLE; Schema: public; Owner: postgres
--

CREATE TABLE public.upskill_file (
    id bigint NOT NULL,
    title character varying(200) NOT NULL,
    created_at timestamp with time zone NOT NULL,
    updated_at timestamp with time zone NOT NULL,
    file character varying(100) NOT NULL,
    owner_id bigint
);


ALTER TABLE public.upskill_file OWNER TO postgres;

--
-- Name: upskill_file_id_seq; Type: SEQUENCE; Schema: public; Owner: postgres
--

ALTER TABLE public.upskill_file ALTER COLUMN id ADD GENERATED BY DEFAULT AS IDENTITY (
    SEQUENCE NAME public.upskill_file_id_seq
    START WITH 1
    INCREMENT BY 1
    NO MINVALUE
    NO MAXVALUE
    CACHE 1
);


--
-- Name: upskill_image; Type: TABLE; Schema: public; Owner: postgres
--

CREATE TABLE public.upskill_image (
    id bigint NOT NULL,
    title character varying(200) NOT NULL,
    created_at timestamp with time zone NOT NULL,
    updated_at timestamp with time zone NOT NULL,
    image character varying(100) NOT NULL,
    owner_id bigint
);


ALTER TABLE public.upskill_image OWNER TO postgres;

--
-- Name: upskill_image_id_seq; Type: SEQUENCE; Schema: public; Owner: postgres
--

ALTER TABLE public.upskill_image ALTER COLUMN id ADD GENERATED BY DEFAULT AS IDENTITY (
    SEQUENCE NAME public.upskill_image_id_seq
    START WITH 1
    INCREMENT BY 1
    NO MINVALUE
    NO MAXVALUE
    CACHE 1
);


--
-- Name: upskill_module; Type: TABLE; Schema: public; Owner: postgres
--

CREATE TABLE public.upskill_module (
    id bigint NOT NULL,
    title character varying(200) NOT NULL,
    overview text,
    course_id bigint NOT NULL
);


ALTER TABLE public.upskill_module OWNER TO postgres;

--
-- Name: upskill_module_id_seq; Type: SEQUENCE; Schema: public; Owner: postgres
--

ALTER TABLE public.upskill_module ALTER COLUMN id ADD GENERATED BY DEFAULT AS IDENTITY (
    SEQUENCE NAME public.upskill_module_id_seq
    START WITH 1
    INCREMENT BY 1
    NO MINVALUE
    NO MAXVALUE
    CACHE 1
);


--
-- Name: upskill_subject; Type: TABLE; Schema: public; Owner: postgres
--

CREATE TABLE public.upskill_subject (
    id bigint NOT NULL,
    title character varying(200) NOT NULL,
    slug character varying(200) NOT NULL
);


ALTER TABLE public.upskill_subject OWNER TO postgres;

--
-- Name: upskill_subject_id_seq; Type: SEQUENCE; Schema: public; Owner: postgres
--

ALTER TABLE public.upskill_subject ALTER COLUMN id ADD GENERATED BY DEFAULT AS IDENTITY (
    SEQUENCE NAME public.upskill_subject_id_seq
    START WITH 1
    INCREMENT BY 1
    NO MINVALUE
    NO MAXVALUE
    CACHE 1
);


--
-- Name: upskill_teacher; Type: TABLE; Schema: public; Owner: postgres
--

CREATE TABLE public.upskill_teacher (
    id bigint NOT NULL,
    full_name character varying(255) NOT NULL,
    bio text NOT NULL,
    avatar character varying(100),
    expertise character varying(255) NOT NULL,
    experience_years integer NOT NULL,
    is_active boolean NOT NULL,
    created_at timestamp with time zone NOT NULL,
    CONSTRAINT upskill_teacher_experience_years_check CHECK ((experience_years >= 0))
);


ALTER TABLE public.upskill_teacher OWNER TO postgres;

--
-- Name: upskill_teacher_id_seq; Type: SEQUENCE; Schema: public; Owner: postgres
--

ALTER TABLE public.upskill_teacher ALTER COLUMN id ADD GENERATED BY DEFAULT AS IDENTITY (
    SEQUENCE NAME public.upskill_teacher_id_seq
    START WITH 1
    INCREMENT BY 1
    NO MINVALUE
    NO MAXVALUE
    CACHE 1
);


--
-- Name: upskill_text; Type: TABLE; Schema: public; Owner: postgres
--

CREATE TABLE public.upskill_text (
    id bigint NOT NULL,
    title character varying(200) NOT NULL,
    created_at timestamp with time zone NOT NULL,
    updated_at timestamp with time zone NOT NULL,
    content text NOT NULL,
    owner_id bigint
);


ALTER TABLE public.upskill_text OWNER TO postgres;

--
-- Name: upskill_text_id_seq; Type: SEQUENCE; Schema: public; Owner: postgres
--

ALTER TABLE public.upskill_text ALTER COLUMN id ADD GENERATED BY DEFAULT AS IDENTITY (
    SEQUENCE NAME public.upskill_text_id_seq
    START WITH 1
    INCREMENT BY 1
    NO MINVALUE
    NO MAXVALUE
    CACHE 1
);


--
-- Name: upskill_video; Type: TABLE; Schema: public; Owner: postgres
--

CREATE TABLE public.upskill_video (
    id bigint NOT NULL,
    title character varying(200) NOT NULL,
    created_at timestamp with time zone NOT NULL,
    updated_at timestamp with time zone NOT NULL,
    url character varying(200) NOT NULL,
    owner_id bigint
);


ALTER TABLE public.upskill_video OWNER TO postgres;

--
-- Name: upskill_video_id_seq; Type: SEQUENCE; Schema: public; Owner: postgres
--

ALTER TABLE public.upskill_video ALTER COLUMN id ADD GENERATED BY DEFAULT AS IDENTITY (
    SEQUENCE NAME public.upskill_video_id_seq
    START WITH 1
    INCREMENT BY 1
    NO MINVALUE
    NO MAXVALUE
    CACHE 1
);


--
-- Name: user_customuser; Type: TABLE; Schema: public; Owner: postgres
--

CREATE TABLE public.user_customuser (
    id bigint NOT NULL,
    password character varying(128) NOT NULL,
    last_login timestamp with time zone,
    is_superuser boolean NOT NULL,
    first_name character varying(150) NOT NULL,
    last_name character varying(150) NOT NULL,
    is_staff boolean NOT NULL,
    is_active boolean NOT NULL,
    date_joined timestamp with time zone NOT NULL,
    email character varying(254) NOT NULL
);


ALTER TABLE public.user_customuser OWNER TO postgres;

--
-- Name: user_customuser_groups; Type: TABLE; Schema: public; Owner: postgres
--

CREATE TABLE public.user_customuser_groups (
    id bigint NOT NULL,
    customuser_id bigint NOT NULL,
    group_id integer NOT NULL
);


ALTER TABLE public.user_customuser_groups OWNER TO postgres;

--
-- Name: user_customuser_groups_id_seq; Type: SEQUENCE; Schema: public; Owner: postgres
--

ALTER TABLE public.user_customuser_groups ALTER COLUMN id ADD GENERATED BY DEFAULT AS IDENTITY (
    SEQUENCE NAME public.user_customuser_groups_id_seq
    START WITH 1
    INCREMENT BY 1
    NO MINVALUE
    NO MAXVALUE
    CACHE 1
);


--
-- Name: user_customuser_id_seq; Type: SEQUENCE; Schema: public; Owner: postgres
--

ALTER TABLE public.user_customuser ALTER COLUMN id ADD GENERATED BY DEFAULT AS IDENTITY (
    SEQUENCE NAME public.user_customuser_id_seq
    START WITH 1
    INCREMENT BY 1
    NO MINVALUE
    NO MAXVALUE
    CACHE 1
);


--
-- Name: user_customuser_user_permissions; Type: TABLE; Schema: public; Owner: postgres
--

CREATE TABLE public.user_customuser_user_permissions (
    id bigint NOT NULL,
    customuser_id bigint NOT NULL,
    permission_id integer NOT NULL
);


ALTER TABLE public.user_customuser_user_permissions OWNER TO postgres;

--
-- Name: user_customuser_user_permissions_id_seq; Type: SEQUENCE; Schema: public; Owner: postgres
--

ALTER TABLE public.user_customuser_user_permissions ALTER COLUMN id ADD GENERATED BY DEFAULT AS IDENTITY (
    SEQUENCE NAME public.user_customuser_user_permissions_id_seq
    START WITH 1
    INCREMENT BY 1
    NO MINVALUE
    NO MAXVALUE
    CACHE 1
);


--
-- Data for Name: auth_group; Type: TABLE DATA; Schema: public; Owner: postgres
--

COPY public.auth_group (id, name) FROM stdin;
\.


--
-- Data for Name: auth_group_permissions; Type: TABLE DATA; Schema: public; Owner: postgres
--

COPY public.auth_group_permissions (id, group_id, permission_id) FROM stdin;
\.


--
-- Data for Name: auth_permission; Type: TABLE DATA; Schema: public; Owner: postgres
--

COPY public.auth_permission (id, name, content_type_id, codename) FROM stdin;
1	Can add log entry	1	add_logentry
2	Can change log entry	1	change_logentry
3	Can delete log entry	1	delete_logentry
4	Can view log entry	1	view_logentry
5	Can add permission	3	add_permission
6	Can change permission	3	change_permission
7	Can delete permission	3	delete_permission
8	Can view permission	3	view_permission
9	Can add group	2	add_group
10	Can change group	2	change_group
11	Can delete group	2	delete_group
12	Can view group	2	view_group
13	Can add content type	4	add_contenttype
14	Can change content type	4	change_contenttype
15	Can delete content type	4	delete_contenttype
16	Can view content type	4	view_contenttype
17	Can add session	5	add_session
18	Can change session	5	change_session
19	Can delete session	5	delete_session
20	Can view session	5	view_session
21	Can add course	7	add_course
22	Can change course	7	change_course
23	Can delete course	7	delete_course
24	Can view course	7	view_course
25	Can add subject	11	add_subject
26	Can change subject	11	change_subject
27	Can delete subject	11	delete_subject
28	Can view subject	11	view_subject
29	Can add teacher	12	add_teacher
30	Can change teacher	12	change_teacher
31	Can delete teacher	12	delete_teacher
32	Can view teacher	12	view_teacher
33	Can add module	10	add_module
34	Can change module	10	change_module
35	Can delete module	10	delete_module
36	Can view module	10	view_module
37	Can add content	6	add_content
38	Can change content	6	change_content
39	Can delete content	6	delete_content
40	Can view content	6	view_content
41	Can add image	9	add_image
42	Can change image	9	change_image
43	Can delete image	9	delete_image
44	Can view image	9	view_image
45	Can add file	8	add_file
46	Can change file	8	change_file
47	Can delete file	8	delete_file
48	Can view file	8	view_file
49	Can add text	13	add_text
50	Can change text	13	change_text
51	Can delete text	13	delete_text
52	Can view text	13	view_text
53	Can add video	14	add_video
54	Can change video	14	change_video
55	Can delete video	14	delete_video
56	Can view video	14	view_video
57	Can add user	15	add_customuser
58	Can change user	15	change_customuser
59	Can delete user	15	delete_customuser
60	Can view user	15	view_customuser
\.


--
-- Data for Name: django_admin_log; Type: TABLE DATA; Schema: public; Owner: postgres
--

COPY public.django_admin_log (id, action_time, object_id, object_repr, action_flag, change_message, content_type_id, user_id) FROM stdin;
\.


--
-- Data for Name: django_content_type; Type: TABLE DATA; Schema: public; Owner: postgres
--

COPY public.django_content_type (id, app_label, model) FROM stdin;
1	admin	logentry
2	auth	group
3	auth	permission
4	contenttypes	contenttype
5	sessions	session
6	upskill	content
7	upskill	course
8	upskill	file
9	upskill	image
10	upskill	module
11	upskill	subject
12	upskill	teacher
13	upskill	text
14	upskill	video
15	user	customuser
\.


--
-- Data for Name: django_migrations; Type: TABLE DATA; Schema: public; Owner: postgres
--

COPY public.django_migrations (id, app, name, applied) FROM stdin;
1	contenttypes	0001_initial	2025-12-21 21:55:17.0621+05
2	contenttypes	0002_remove_content_type_name	2025-12-21 21:55:17.0621+05
3	auth	0001_initial	2025-12-21 21:55:17.083273+05
4	auth	0002_alter_permission_name_max_length	2025-12-21 21:55:17.090344+05
5	auth	0003_alter_user_email_max_length	2025-12-21 21:55:17.09297+05
6	auth	0004_alter_user_username_opts	2025-12-21 21:55:17.095804+05
7	auth	0005_alter_user_last_login_null	2025-12-21 21:55:17.099222+05
8	auth	0006_require_contenttypes_0002	2025-12-21 21:55:17.099222+05
9	auth	0007_alter_validators_add_error_messages	2025-12-21 21:55:17.099222+05
10	auth	0008_alter_user_username_max_length	2025-12-21 21:55:17.104139+05
11	auth	0009_alter_user_last_name_max_length	2025-12-21 21:55:17.10767+05
12	auth	0010_alter_group_name_max_length	2025-12-21 21:55:17.111126+05
13	auth	0011_update_proxy_permissions	2025-12-21 21:55:17.112048+05
14	auth	0012_alter_user_first_name_max_length	2025-12-21 21:55:17.116493+05
15	user	0001_initial	2025-12-21 21:55:17.133621+05
16	admin	0001_initial	2025-12-21 21:55:17.146269+05
17	admin	0002_logentry_remove_auto_add	2025-12-21 21:55:17.152282+05
18	admin	0003_logentry_add_action_flag_choices	2025-12-21 21:55:17.153024+05
19	sessions	0001_initial	2025-12-21 21:55:17.161313+05
20	upskill	0001_initial	2025-12-21 21:55:17.228914+05
\.


--
-- Data for Name: django_session; Type: TABLE DATA; Schema: public; Owner: postgres
--

COPY public.django_session (session_key, session_data, expire_date) FROM stdin;
\.


--
-- Data for Name: upskill_content; Type: TABLE DATA; Schema: public; Owner: postgres
--

COPY public.upskill_content (id, object_id, content_type_id, module_id) FROM stdin;
\.


--
-- Data for Name: upskill_course; Type: TABLE DATA; Schema: public; Owner: postgres
--

COPY public.upskill_course (id, title, slug, price, overview, created_at, image, subject_id, owner_id) FROM stdin;
\.


--
-- Data for Name: upskill_file; Type: TABLE DATA; Schema: public; Owner: postgres
--

COPY public.upskill_file (id, title, created_at, updated_at, file, owner_id) FROM stdin;
\.


--
-- Data for Name: upskill_image; Type: TABLE DATA; Schema: public; Owner: postgres
--

COPY public.upskill_image (id, title, created_at, updated_at, image, owner_id) FROM stdin;
\.


--
-- Data for Name: upskill_module; Type: TABLE DATA; Schema: public; Owner: postgres
--

COPY public.upskill_module (id, title, overview, course_id) FROM stdin;
\.


--
-- Data for Name: upskill_subject; Type: TABLE DATA; Schema: public; Owner: postgres
--

COPY public.upskill_subject (id, title, slug) FROM stdin;
\.


--
-- Data for Name: upskill_teacher; Type: TABLE DATA; Schema: public; Owner: postgres
--

COPY public.upskill_teacher (id, full_name, bio, avatar, expertise, experience_years, is_active, created_at) FROM stdin;
\.


--
-- Data for Name: upskill_text; Type: TABLE DATA; Schema: public; Owner: postgres
--

COPY public.upskill_text (id, title, created_at, updated_at, content, owner_id) FROM stdin;
\.


--
-- Data for Name: upskill_video; Type: TABLE DATA; Schema: public; Owner: postgres
--

COPY public.upskill_video (id, title, created_at, updated_at, url, owner_id) FROM stdin;
\.


--
-- Data for Name: user_customuser; Type: TABLE DATA; Schema: public; Owner: postgres
--

COPY public.user_customuser (id, password, last_login, is_superuser, first_name, last_name, is_staff, is_active, date_joined, email) FROM stdin;
\.


--
-- Data for Name: user_customuser_groups; Type: TABLE DATA; Schema: public; Owner: postgres
--

COPY public.user_customuser_groups (id, customuser_id, group_id) FROM stdin;
\.


--
-- Data for Name: user_customuser_user_permissions; Type: TABLE DATA; Schema: public; Owner: postgres
--

COPY public.user_customuser_user_permissions (id, customuser_id, permission_id) FROM stdin;
\.


--
-- Name: auth_group_id_seq; Type: SEQUENCE SET; Schema: public; Owner: postgres
--

SELECT pg_catalog.setval('public.auth_group_id_seq', 1, false);


--
-- Name: auth_group_permissions_id_seq; Type: SEQUENCE SET; Schema: public; Owner: postgres
--

SELECT pg_catalog.setval('public.auth_group_permissions_id_seq', 1, false);


--
-- Name: auth_permission_id_seq; Type: SEQUENCE SET; Schema: public; Owner: postgres
--

SELECT pg_catalog.setval('public.auth_permission_id_seq', 60, true);


--
-- Name: django_admin_log_id_seq; Type: SEQUENCE SET; Schema: public; Owner: postgres
--

SELECT pg_catalog.setval('public.django_admin_log_id_seq', 1, false);


--
-- Name: django_content_type_id_seq; Type: SEQUENCE SET; Schema: public; Owner: postgres
--

SELECT pg_catalog.setval('public.django_content_type_id_seq', 15, true);


--
-- Name: django_migrations_id_seq; Type: SEQUENCE SET; Schema: public; Owner: postgres
--

SELECT pg_catalog.setval('public.django_migrations_id_seq', 20, true);


--
-- Name: upskill_content_id_seq; Type: SEQUENCE SET; Schema: public; Owner: postgres
--

SELECT pg_catalog.setval('public.upskill_content_id_seq', 1, false);


--
-- Name: upskill_course_id_seq; Type: SEQUENCE SET; Schema: public; Owner: postgres
--

SELECT pg_catalog.setval('public.upskill_course_id_seq', 1, false);


--
-- Name: upskill_file_id_seq; Type: SEQUENCE SET; Schema: public; Owner: postgres
--

SELECT pg_catalog.setval('public.upskill_file_id_seq', 1, false);


--
-- Name: upskill_image_id_seq; Type: SEQUENCE SET; Schema: public; Owner: postgres
--

SELECT pg_catalog.setval('public.upskill_image_id_seq', 1, false);


--
-- Name: upskill_module_id_seq; Type: SEQUENCE SET; Schema: public; Owner: postgres
--

SELECT pg_catalog.setval('public.upskill_module_id_seq', 1, false);


--
-- Name: upskill_subject_id_seq; Type: SEQUENCE SET; Schema: public; Owner: postgres
--

SELECT pg_catalog.setval('public.upskill_subject_id_seq', 1, false);


--
-- Name: upskill_teacher_id_seq; Type: SEQUENCE SET; Schema: public; Owner: postgres
--

SELECT pg_catalog.setval('public.upskill_teacher_id_seq', 1, false);


--
-- Name: upskill_text_id_seq; Type: SEQUENCE SET; Schema: public; Owner: postgres
--

SELECT pg_catalog.setval('public.upskill_text_id_seq', 1, false);


--
-- Name: upskill_video_id_seq; Type: SEQUENCE SET; Schema: public; Owner: postgres
--

SELECT pg_catalog.setval('public.upskill_video_id_seq', 1, false);


--
-- Name: user_customuser_groups_id_seq; Type: SEQUENCE SET; Schema: public; Owner: postgres
--

SELECT pg_catalog.setval('public.user_customuser_groups_id_seq', 1, false);


--
-- Name: user_customuser_id_seq; Type: SEQUENCE SET; Schema: public; Owner: postgres
--

SELECT pg_catalog.setval('public.user_customuser_id_seq', 1, false);


--
-- Name: user_customuser_user_permissions_id_seq; Type: SEQUENCE SET; Schema: public; Owner: postgres
--

SELECT pg_catalog.setval('public.user_customuser_user_permissions_id_seq', 1, false);


--
-- Name: auth_group auth_group_name_key; Type: CONSTRAINT; Schema: public; Owner: postgres
--

ALTER TABLE ONLY public.auth_group
    ADD CONSTRAINT auth_group_name_key UNIQUE (name);


--
-- Name: auth_group_permissions auth_group_permissions_group_id_permission_id_0cd325b0_uniq; Type: CONSTRAINT; Schema: public; Owner: postgres
--

ALTER TABLE ONLY public.auth_group_permissions
    ADD CONSTRAINT auth_group_permissions_group_id_permission_id_0cd325b0_uniq UNIQUE (group_id, permission_id);


--
-- Name: auth_group_permissions auth_group_permissions_pkey; Type: CONSTRAINT; Schema: public; Owner: postgres
--

ALTER TABLE ONLY public.auth_group_permissions
    ADD CONSTRAINT auth_group_permissions_pkey PRIMARY KEY (id);


--
-- Name: auth_group auth_group_pkey; Type: CONSTRAINT; Schema: public; Owner: postgres
--

ALTER TABLE ONLY public.auth_group
    ADD CONSTRAINT auth_group_pkey PRIMARY KEY (id);


--
-- Name: auth_permission auth_permission_content_type_id_codename_01ab375a_uniq; Type: CONSTRAINT; Schema: public; Owner: postgres
--

ALTER TABLE ONLY public.auth_permission
    ADD CONSTRAINT auth_permission_content_type_id_codename_01ab375a_uniq UNIQUE (content_type_id, codename);


--
-- Name: auth_permission auth_permission_pkey; Type: CONSTRAINT; Schema: public; Owner: postgres
--

ALTER TABLE ONLY public.auth_permission
    ADD CONSTRAINT auth_permission_pkey PRIMARY KEY (id);


--
-- Name: django_admin_log django_admin_log_pkey; Type: CONSTRAINT; Schema: public; Owner: postgres
--

ALTER TABLE ONLY public.django_admin_log
    ADD CONSTRAINT django_admin_log_pkey PRIMARY KEY (id);


--
-- Name: django_content_type django_content_type_app_label_model_76bd3d3b_uniq; Type: CONSTRAINT; Schema: public; Owner: postgres
--

ALTER TABLE ONLY public.django_content_type
    ADD CONSTRAINT django_content_type_app_label_model_76bd3d3b_uniq UNIQUE (app_label, model);


--
-- Name: django_content_type django_content_type_pkey; Type: CONSTRAINT; Schema: public; Owner: postgres
--

ALTER TABLE ONLY public.django_content_type
    ADD CONSTRAINT django_content_type_pkey PRIMARY KEY (id);


--
-- Name: django_migrations django_migrations_pkey; Type: CONSTRAINT; Schema: public; Owner: postgres
--

ALTER TABLE ONLY public.django_migrations
    ADD CONSTRAINT django_migrations_pkey PRIMARY KEY (id);


--
-- Name: django_session django_session_pkey; Type: CONSTRAINT; Schema: public; Owner: postgres
--

ALTER TABLE ONLY public.django_session
    ADD CONSTRAINT django_session_pkey PRIMARY KEY (session_key);


--
-- Name: upskill_content upskill_content_pkey; Type: CONSTRAINT; Schema: public; Owner: postgres
--

ALTER TABLE ONLY public.upskill_content
    ADD CONSTRAINT upskill_content_pkey PRIMARY KEY (id);


--
-- Name: upskill_course upskill_course_pkey; Type: CONSTRAINT; Schema: public; Owner: postgres
--

ALTER TABLE ONLY public.upskill_course
    ADD CONSTRAINT upskill_course_pkey PRIMARY KEY (id);


--
-- Name: upskill_course upskill_course_slug_key; Type: CONSTRAINT; Schema: public; Owner: postgres
--

ALTER TABLE ONLY public.upskill_course
    ADD CONSTRAINT upskill_course_slug_key UNIQUE (slug);


--
-- Name: upskill_file upskill_file_pkey; Type: CONSTRAINT; Schema: public; Owner: postgres
--

ALTER TABLE ONLY public.upskill_file
    ADD CONSTRAINT upskill_file_pkey PRIMARY KEY (id);


--
-- Name: upskill_image upskill_image_pkey; Type: CONSTRAINT; Schema: public; Owner: postgres
--

ALTER TABLE ONLY public.upskill_image
    ADD CONSTRAINT upskill_image_pkey PRIMARY KEY (id);


--
-- Name: upskill_module upskill_module_pkey; Type: CONSTRAINT; Schema: public; Owner: postgres
--

ALTER TABLE ONLY public.upskill_module
    ADD CONSTRAINT upskill_module_pkey PRIMARY KEY (id);


--
-- Name: upskill_subject upskill_subject_pkey; Type: CONSTRAINT; Schema: public; Owner: postgres
--

ALTER TABLE ONLY public.upskill_subject
    ADD CONSTRAINT upskill_subject_pkey PRIMARY KEY (id);


--
-- Name: upskill_subject upskill_subject_slug_key; Type: CONSTRAINT; Schema: public; Owner: postgres
--

ALTER TABLE ONLY public.upskill_subject
    ADD CONSTRAINT upskill_subject_slug_key UNIQUE (slug);


--
-- Name: upskill_teacher upskill_teacher_pkey; Type: CONSTRAINT; Schema: public; Owner: postgres
--

ALTER TABLE ONLY public.upskill_teacher
    ADD CONSTRAINT upskill_teacher_pkey PRIMARY KEY (id);


--
-- Name: upskill_text upskill_text_pkey; Type: CONSTRAINT; Schema: public; Owner: postgres
--

ALTER TABLE ONLY public.upskill_text
    ADD CONSTRAINT upskill_text_pkey PRIMARY KEY (id);


--
-- Name: upskill_video upskill_video_pkey; Type: CONSTRAINT; Schema: public; Owner: postgres
--

ALTER TABLE ONLY public.upskill_video
    ADD CONSTRAINT upskill_video_pkey PRIMARY KEY (id);


--
-- Name: user_customuser user_customuser_email_key; Type: CONSTRAINT; Schema: public; Owner: postgres
--

ALTER TABLE ONLY public.user_customuser
    ADD CONSTRAINT user_customuser_email_key UNIQUE (email);


--
-- Name: user_customuser_groups user_customuser_groups_customuser_id_group_id_e0a2f621_uniq; Type: CONSTRAINT; Schema: public; Owner: postgres
--

ALTER TABLE ONLY public.user_customuser_groups
    ADD CONSTRAINT user_customuser_groups_customuser_id_group_id_e0a2f621_uniq UNIQUE (customuser_id, group_id);


--
-- Name: user_customuser_groups user_customuser_groups_pkey; Type: CONSTRAINT; Schema: public; Owner: postgres
--

ALTER TABLE ONLY public.user_customuser_groups
    ADD CONSTRAINT user_customuser_groups_pkey PRIMARY KEY (id);


--
-- Name: user_customuser user_customuser_pkey; Type: CONSTRAINT; Schema: public; Owner: postgres
--

ALTER TABLE ONLY public.user_customuser
    ADD CONSTRAINT user_customuser_pkey PRIMARY KEY (id);


--
-- Name: user_customuser_user_permissions user_customuser_user_per_customuser_id_permission_a5da865d_uniq; Type: CONSTRAINT; Schema: public; Owner: postgres
--

ALTER TABLE ONLY public.user_customuser_user_permissions
    ADD CONSTRAINT user_customuser_user_per_customuser_id_permission_a5da865d_uniq UNIQUE (customuser_id, permission_id);


--
-- Name: user_customuser_user_permissions user_customuser_user_permissions_pkey; Type: CONSTRAINT; Schema: public; Owner: postgres
--

ALTER TABLE ONLY public.user_customuser_user_permissions
    ADD CONSTRAINT user_customuser_user_permissions_pkey PRIMARY KEY (id);


--
-- Name: auth_group_name_a6ea08ec_like; Type: INDEX; Schema: public; Owner: postgres
--

CREATE INDEX auth_group_name_a6ea08ec_like ON public.auth_group USING btree (name varchar_pattern_ops);


--
-- Name: auth_group_permissions_group_id_b120cbf9; Type: INDEX; Schema: public; Owner: postgres
--

CREATE INDEX auth_group_permissions_group_id_b120cbf9 ON public.auth_group_permissions USING btree (group_id);


--
-- Name: auth_group_permissions_permission_id_84c5c92e; Type: INDEX; Schema: public; Owner: postgres
--

CREATE INDEX auth_group_permissions_permission_id_84c5c92e ON public.auth_group_permissions USING btree (permission_id);


--
-- Name: auth_permission_content_type_id_2f476e4b; Type: INDEX; Schema: public; Owner: postgres
--

CREATE INDEX auth_permission_content_type_id_2f476e4b ON public.auth_permission USING btree (content_type_id);


--
-- Name: django_admin_log_content_type_id_c4bce8eb; Type: INDEX; Schema: public; Owner: postgres
--

CREATE INDEX django_admin_log_content_type_id_c4bce8eb ON public.django_admin_log USING btree (content_type_id);


--
-- Name: django_admin_log_user_id_c564eba6; Type: INDEX; Schema: public; Owner: postgres
--

CREATE INDEX django_admin_log_user_id_c564eba6 ON public.django_admin_log USING btree (user_id);


--
-- Name: django_session_expire_date_a5c62663; Type: INDEX; Schema: public; Owner: postgres
--

CREATE INDEX django_session_expire_date_a5c62663 ON public.django_session USING btree (expire_date);


--
-- Name: django_session_session_key_c0390e0f_like; Type: INDEX; Schema: public; Owner: postgres
--

CREATE INDEX django_session_session_key_c0390e0f_like ON public.django_session USING btree (session_key varchar_pattern_ops);


--
-- Name: upskill_content_content_type_id_8428f047; Type: INDEX; Schema: public; Owner: postgres
--

CREATE INDEX upskill_content_content_type_id_8428f047 ON public.upskill_content USING btree (content_type_id);


--
-- Name: upskill_content_module_id_45eabcb2; Type: INDEX; Schema: public; Owner: postgres
--

CREATE INDEX upskill_content_module_id_45eabcb2 ON public.upskill_content USING btree (module_id);


--
-- Name: upskill_course_owner_id_cc73e5e0; Type: INDEX; Schema: public; Owner: postgres
--

CREATE INDEX upskill_course_owner_id_cc73e5e0 ON public.upskill_course USING btree (owner_id);


--
-- Name: upskill_course_slug_ba68d688_like; Type: INDEX; Schema: public; Owner: postgres
--

CREATE INDEX upskill_course_slug_ba68d688_like ON public.upskill_course USING btree (slug varchar_pattern_ops);


--
-- Name: upskill_course_subject_id_b47334ed; Type: INDEX; Schema: public; Owner: postgres
--

CREATE INDEX upskill_course_subject_id_b47334ed ON public.upskill_course USING btree (subject_id);


--
-- Name: upskill_file_owner_id_c7ee4fc3; Type: INDEX; Schema: public; Owner: postgres
--

CREATE INDEX upskill_file_owner_id_c7ee4fc3 ON public.upskill_file USING btree (owner_id);


--
-- Name: upskill_image_owner_id_8f537bdb; Type: INDEX; Schema: public; Owner: postgres
--

CREATE INDEX upskill_image_owner_id_8f537bdb ON public.upskill_image USING btree (owner_id);


--
-- Name: upskill_module_course_id_2f180f5c; Type: INDEX; Schema: public; Owner: postgres
--

CREATE INDEX upskill_module_course_id_2f180f5c ON public.upskill_module USING btree (course_id);


--
-- Name: upskill_subject_slug_f0a26f79_like; Type: INDEX; Schema: public; Owner: postgres
--

CREATE INDEX upskill_subject_slug_f0a26f79_like ON public.upskill_subject USING btree (slug varchar_pattern_ops);


--
-- Name: upskill_text_owner_id_f0b8b986; Type: INDEX; Schema: public; Owner: postgres
--

CREATE INDEX upskill_text_owner_id_f0b8b986 ON public.upskill_text USING btree (owner_id);


--
-- Name: upskill_video_owner_id_15b2974f; Type: INDEX; Schema: public; Owner: postgres
--

CREATE INDEX upskill_video_owner_id_15b2974f ON public.upskill_video USING btree (owner_id);


--
-- Name: user_customuser_email_2292cf6d_like; Type: INDEX; Schema: public; Owner: postgres
--

CREATE INDEX user_customuser_email_2292cf6d_like ON public.user_customuser USING btree (email varchar_pattern_ops);


--
-- Name: user_customuser_groups_customuser_id_192632a7; Type: INDEX; Schema: public; Owner: postgres
--

CREATE INDEX user_customuser_groups_customuser_id_192632a7 ON public.user_customuser_groups USING btree (customuser_id);


--
-- Name: user_customuser_groups_group_id_bcbc9e48; Type: INDEX; Schema: public; Owner: postgres
--

CREATE INDEX user_customuser_groups_group_id_bcbc9e48 ON public.user_customuser_groups USING btree (group_id);


--
-- Name: user_customuser_user_permissions_customuser_id_4552d9cc; Type: INDEX; Schema: public; Owner: postgres
--

CREATE INDEX user_customuser_user_permissions_customuser_id_4552d9cc ON public.user_customuser_user_permissions USING btree (customuser_id);


--
-- Name: user_customuser_user_permissions_permission_id_e57e8b9a; Type: INDEX; Schema: public; Owner: postgres
--

CREATE INDEX user_customuser_user_permissions_permission_id_e57e8b9a ON public.user_customuser_user_permissions USING btree (permission_id);


--
-- Name: auth_group_permissions auth_group_permissio_permission_id_84c5c92e_fk_auth_perm; Type: FK CONSTRAINT; Schema: public; Owner: postgres
--

ALTER TABLE ONLY public.auth_group_permissions
    ADD CONSTRAINT auth_group_permissio_permission_id_84c5c92e_fk_auth_perm FOREIGN KEY (permission_id) REFERENCES public.auth_permission(id) DEFERRABLE INITIALLY DEFERRED;


--
-- Name: auth_group_permissions auth_group_permissions_group_id_b120cbf9_fk_auth_group_id; Type: FK CONSTRAINT; Schema: public; Owner: postgres
--

ALTER TABLE ONLY public.auth_group_permissions
    ADD CONSTRAINT auth_group_permissions_group_id_b120cbf9_fk_auth_group_id FOREIGN KEY (group_id) REFERENCES public.auth_group(id) DEFERRABLE INITIALLY DEFERRED;


--
-- Name: auth_permission auth_permission_content_type_id_2f476e4b_fk_django_co; Type: FK CONSTRAINT; Schema: public; Owner: postgres
--

ALTER TABLE ONLY public.auth_permission
    ADD CONSTRAINT auth_permission_content_type_id_2f476e4b_fk_django_co FOREIGN KEY (content_type_id) REFERENCES public.django_content_type(id) DEFERRABLE INITIALLY DEFERRED;


--
-- Name: django_admin_log django_admin_log_content_type_id_c4bce8eb_fk_django_co; Type: FK CONSTRAINT; Schema: public; Owner: postgres
--

ALTER TABLE ONLY public.django_admin_log
    ADD CONSTRAINT django_admin_log_content_type_id_c4bce8eb_fk_django_co FOREIGN KEY (content_type_id) REFERENCES public.django_content_type(id) DEFERRABLE INITIALLY DEFERRED;


--
-- Name: django_admin_log django_admin_log_user_id_c564eba6_fk_user_customuser_id; Type: FK CONSTRAINT; Schema: public; Owner: postgres
--

ALTER TABLE ONLY public.django_admin_log
    ADD CONSTRAINT django_admin_log_user_id_c564eba6_fk_user_customuser_id FOREIGN KEY (user_id) REFERENCES public.user_customuser(id) DEFERRABLE INITIALLY DEFERRED;


--
-- Name: upskill_content upskill_content_content_type_id_8428f047_fk_django_co; Type: FK CONSTRAINT; Schema: public; Owner: postgres
--

ALTER TABLE ONLY public.upskill_content
    ADD CONSTRAINT upskill_content_content_type_id_8428f047_fk_django_co FOREIGN KEY (content_type_id) REFERENCES public.django_content_type(id) DEFERRABLE INITIALLY DEFERRED;


--
-- Name: upskill_content upskill_content_module_id_45eabcb2_fk_upskill_module_id; Type: FK CONSTRAINT; Schema: public; Owner: postgres
--

ALTER TABLE ONLY public.upskill_content
    ADD CONSTRAINT upskill_content_module_id_45eabcb2_fk_upskill_module_id FOREIGN KEY (module_id) REFERENCES public.upskill_module(id) DEFERRABLE INITIALLY DEFERRED;


--
-- Name: upskill_course upskill_course_owner_id_cc73e5e0_fk_upskill_teacher_id; Type: FK CONSTRAINT; Schema: public; Owner: postgres
--

ALTER TABLE ONLY public.upskill_course
    ADD CONSTRAINT upskill_course_owner_id_cc73e5e0_fk_upskill_teacher_id FOREIGN KEY (owner_id) REFERENCES public.upskill_teacher(id) DEFERRABLE INITIALLY DEFERRED;


--
-- Name: upskill_course upskill_course_subject_id_b47334ed_fk_upskill_subject_id; Type: FK CONSTRAINT; Schema: public; Owner: postgres
--

ALTER TABLE ONLY public.upskill_course
    ADD CONSTRAINT upskill_course_subject_id_b47334ed_fk_upskill_subject_id FOREIGN KEY (subject_id) REFERENCES public.upskill_subject(id) DEFERRABLE INITIALLY DEFERRED;


--
-- Name: upskill_file upskill_file_owner_id_c7ee4fc3_fk_upskill_teacher_id; Type: FK CONSTRAINT; Schema: public; Owner: postgres
--

ALTER TABLE ONLY public.upskill_file
    ADD CONSTRAINT upskill_file_owner_id_c7ee4fc3_fk_upskill_teacher_id FOREIGN KEY (owner_id) REFERENCES public.upskill_teacher(id) DEFERRABLE INITIALLY DEFERRED;


--
-- Name: upskill_image upskill_image_owner_id_8f537bdb_fk_upskill_teacher_id; Type: FK CONSTRAINT; Schema: public; Owner: postgres
--

ALTER TABLE ONLY public.upskill_image
    ADD CONSTRAINT upskill_image_owner_id_8f537bdb_fk_upskill_teacher_id FOREIGN KEY (owner_id) REFERENCES public.upskill_teacher(id) DEFERRABLE INITIALLY DEFERRED;


--
-- Name: upskill_module upskill_module_course_id_2f180f5c_fk_upskill_course_id; Type: FK CONSTRAINT; Schema: public; Owner: postgres
--

ALTER TABLE ONLY public.upskill_module
    ADD CONSTRAINT upskill_module_course_id_2f180f5c_fk_upskill_course_id FOREIGN KEY (course_id) REFERENCES public.upskill_course(id) DEFERRABLE INITIALLY DEFERRED;


--
-- Name: upskill_text upskill_text_owner_id_f0b8b986_fk_upskill_teacher_id; Type: FK CONSTRAINT; Schema: public; Owner: postgres
--

ALTER TABLE ONLY public.upskill_text
    ADD CONSTRAINT upskill_text_owner_id_f0b8b986_fk_upskill_teacher_id FOREIGN KEY (owner_id) REFERENCES public.upskill_teacher(id) DEFERRABLE INITIALLY DEFERRED;


--
-- Name: upskill_video upskill_video_owner_id_15b2974f_fk_upskill_teacher_id; Type: FK CONSTRAINT; Schema: public; Owner: postgres
--

ALTER TABLE ONLY public.upskill_video
    ADD CONSTRAINT upskill_video_owner_id_15b2974f_fk_upskill_teacher_id FOREIGN KEY (owner_id) REFERENCES public.upskill_teacher(id) DEFERRABLE INITIALLY DEFERRED;


--
-- Name: user_customuser_groups user_customuser_grou_customuser_id_192632a7_fk_user_cust; Type: FK CONSTRAINT; Schema: public; Owner: postgres
--

ALTER TABLE ONLY public.user_customuser_groups
    ADD CONSTRAINT user_customuser_grou_customuser_id_192632a7_fk_user_cust FOREIGN KEY (customuser_id) REFERENCES public.user_customuser(id) DEFERRABLE INITIALLY DEFERRED;


--
-- Name: user_customuser_groups user_customuser_groups_group_id_bcbc9e48_fk_auth_group_id; Type: FK CONSTRAINT; Schema: public; Owner: postgres
--

ALTER TABLE ONLY public.user_customuser_groups
    ADD CONSTRAINT user_customuser_groups_group_id_bcbc9e48_fk_auth_group_id FOREIGN KEY (group_id) REFERENCES public.auth_group(id) DEFERRABLE INITIALLY DEFERRED;


--
-- Name: user_customuser_user_permissions user_customuser_user_customuser_id_4552d9cc_fk_user_cust; Type: FK CONSTRAINT; Schema: public; Owner: postgres
--

ALTER TABLE ONLY public.user_customuser_user_permissions
    ADD CONSTRAINT user_customuser_user_customuser_id_4552d9cc_fk_user_cust FOREIGN KEY (customuser_id) REFERENCES public.user_customuser(id) DEFERRABLE INITIALLY DEFERRED;


--
-- Name: user_customuser_user_permissions user_customuser_user_permission_id_e57e8b9a_fk_auth_perm; Type: FK CONSTRAINT; Schema: public; Owner: postgres
--

ALTER TABLE ONLY public.user_customuser_user_permissions
    ADD CONSTRAINT user_customuser_user_permission_id_e57e8b9a_fk_auth_perm FOREIGN KEY (permission_id) REFERENCES public.auth_permission(id) DEFERRABLE INITIALLY DEFERRED;


--
-- PostgreSQL database dump complete
--

\unrestrict orHL8fXCeLwwMALRc1dc2qZ485njMfLkbd8VwSSBcCDtavrZdUCHh1fdPmoenbW

